entity,count,IUPACname,cid,similarity
"OZONE, O3",35,ozone,24823,0.7642259
"METHANOL, CH3OH",64,methanol,887,0.744105697
SINGLET OXYGEN,40,oxygen,159832,0.742616892
"CHLORIDE, CL-, CHLORIDE IONS, CHLORIDES, CHLORIDE ION",176,chloride,312,0.737640679
"OH, HYDROXY, HYDROXIDE",43,hydroxide,961,0.73640275
"PHOSPHORUS, P",426,phosphorus,5462309,0.735938072
"NITRITE, NITRITES",118,nitrite,946,0.729158044
ACETATE,86,acetate,175,0.724650919
"GRAPHENE, C, CARBON, CARBON NANOTUBES, CARBON NANOTUBE, GRAPHITE, CARBON BLACK, SWCNT, CHARCOAL, GRAPHITE POWDER, ACTIVATED CARBON, VITREOUS CARBON, ACETYLENE BLACK",511,carbon,5462310,0.724487662
FLUORIDE,88,fluoride,28179,0.720330179
"NICKEL, NI",82,nickel,935,0.717359304
"IRON, FE, FERRUM",469,iron,23925,0.713291347
"CALCIUM, CA",1544,calcium,5460341,0.712130964
"CD, CADMIUM",388,cadmium,23973,0.711967766
"NITRATE, NITRATES, NO3-",74,nitrate,943,0.711023748
"SULFATE, SULPHATE",26,sulfate,1117,0.708139539
"CR, CHROMIUM",366,chromium,23976,0.705214918
"UREA, UR, CARBAMIDE, URE",2356,urea,1176,0.70520407
"BORON, B",51,boron,5462311,0.704904556
"MOLYBDENUM, MO, MO5",57,molybdenum,23932,0.701438904
"ALCOHOL, ETHANOL, ETOH, C2H5OH",841,ethanol,702,0.700990677
"PD, PALLADIUM",22,palladium,23938,0.700874031
"N-HEXANE, HEXANE",27,hexane,8058,0.700427532
"CARBON DOTS, METHANE, GLASSY CARBON, GRAPHENE QUANTUM DOTS, CH4, CARBON QUANTUM DOTS, MESOPOROUS CARBON, N-DOPED GRAPHENE, CARBON NANOFIBERS, CARBON FIBER, CARBON NANOFIBER, CARBON NANORODS, N-DOPED GRAPHENE QUANTUM DOTS, CARBON QUANTUM DOT",186,methane,297,0.699330389
"PHOSPHATE, PHOSPHATES, PHOSPHATE IONS, PHOSPHATE-ION, PHOSPHATE ION",329,phosphate,1061,0.699039042
"COPPER, CU, COPPER NANOWIRES, CU FOIL, CUPRUM",275,copper,23978,0.698494136
"AL, ALUMINUM",39,aluminum,5359268,0.697829783
"SULFUR, SULPHUR, SULFUR ATOM, S",27,sulfur,5362487,0.695454001
"CO, COBALT, COBALT NANORODS",74,cobalt,104730,0.692403972
"CS, CESIUM",32,cesium,5354618,0.69005096
"POTASSIUM, K",536,potassium,5462222,0.685029566
"HYDROXYUREA, HU",35,hydroxyurea,3657,0.683115244
"HG, MERCURY",75,mercury,23931,0.682498336
"MAGNESIUM, MG, MAGNESIUM POWDER",507,magnesium,5462224,0.681405008
CHLOROFORM,23,chloroform,6212,0.678012609
"SELENIUM, SE",307,selenium,6326970,0.675798416
"ZINC, ZN, ZINC FOIL, ZINC ATOM",367,zinc,23994,0.674450159
"SILVER, AG, SILVER NANOWIRES, SILVER WIRE, SILVER NANORODS, AG NANOWIRES",64,silver,23954,0.672318101
"PB, LEAD",221,lead,5352425,0.663200855
HYDRAZINE,31,hydrazine,9321,0.66196698
"ARSENIC, AS",106,arsenic,5359596,0.659612477
"OXALATE, OX",294,oxalate,71081,0.657528698
GA,187,gallium,5360835,0.655476391
"LA, LANTHANUM",64,lanthanum,23926,0.654717624
"AU, GOLD, GOLD NANORODS, GOLD NANOCUBES",73,gold,23985,0.653012097
"PLATINUM, PT, PT/C, PLATINUM WIRE, PLATINUM BLACK",42,platinum,23939,0.650400639
"MN, MANGANESE, MN(IV)",58,manganese,23930,0.650077581
BA,92,barium,5355457,0.649942279
PHENOL,28,phenol,996,0.644020617
SB,30,antimony,5354495,0.642730296
"SODIUM, MONOSODIUM, NATRIUM",707,sodium,5360545,0.592486978
PYRIMIDINE,39,pyrimidine,9260,0.589498818
"TC, TECHNETIUM",452,technetium,23957,0.589374185
"ACETIC ACID, CH3COOH, ACY, ACETIC ACID-",25,acetic acid,176,0.540161967
"HYDROGEN, 1H, H2, H, MICROCRYSTALLINE CELLULOSE",121,molecular hydrogen,783,0.539419115
"CU2+, COPPER(II), COPPER IONS",31,copper(2+),27099,0.539030135
"H2O2, HYDROGEN PEROXIDE, PEROXIDE, HYDROPEROXIDE",890,hydrogen peroxide,784,0.536800385
"NITROGEN, N, N2",457,molecular nitrogen,947,0.535628498
"NI2+, NI(II), NICKEL IONS, NICKEL (II)",23,nickel(2+),934,0.534822702
"BICARBONATE, HCO3, BICARBONATES, HCO3-",112,hydrogen carbonate,769,0.528128028
"MG2+, MG++, MAGNESIUM IONS, MAGNESIUM ION",41,magnesium(2+),888,0.527855933
"OXYGEN, O2, LOX, OXY",496,molecular oxygen,977,0.524345398
"FE2+, FERROUS, FEII, FERROUS ION, FE+2, FE(II), FERROUS IONS",33,iron(2+),27284,0.524143398
"SODIUM BICARBONATE, NAHCO3",52,sodium;hydrogen carbonate,516892,0.52403456
OXALIC ACID,22,oxalic acid,971,0.523867846
"CL, CHLORINE, CL2",87,molecular chlorine,24526,0.508397996
"THIOL, H2S, THIOLS, HYDROGEN SULFIDE, HYDROGEN SULPHIDE",161,sulfane,402,0.508271396
"HCL, HYDROCHLORIC ACID",28,chlorane,313,0.507152915
"FE3+, FE(III), FERRIC ION",27,iron(3+),29936,0.503619134
"ETHYL ACETATE, ETOAC, ETHYLACETATE, ACOET, ETHYL-ACETATE",88,ethyl acetate,8857,0.502266288
"CUSO4, COPPER SULFATE",40,copper;sulfate,24462,0.501137793
"BUTANOL, N-BUTANOL, BUOH",25,butan-1-ol,263,0.496442407
SALICYLIC ACID,30,2-hydroxybenzoic acid,338,0.495201409
"CDCL2, CADMIUM CHLORIDE",89,dichlorocadmium,24947,0.493314594
"MAGNESIUM SULFATE, MGSO4, MAGNESIUM SULPHATE",32,magnesium;sulfate,24083,0.489340723
"GLYCINE, GLY, L-GLYCINE",156,2-aminoacetic acid,750,0.485419035
VC,23,chloroethene,6338,0.482780188
"NITRIC OXIDE, NITRIC-OXIDE",318,nitric oxide,145068,0.482541442
"BUTYRATE, BUTANOATE",59,butanoate,104775,0.480975032
"SODIUM ACETATE, SCFA",67,sodium;acetate,517045,0.478831232
"PALMITIC ACID, FAT, PLM, HEXADECANOIC ACID, PALMITATE, C16:0",59,hexadecanoic acid,985,0.478716433
"NAF, SODIUM FLUORIDE",30,sodium;fluoride,5235,0.478027582
"HYDROXYL, HYDROXYL RADICAL",36,lambda1-oxidane,157350,0.476922214
"NA+, SODIUM-ION, SODIUM ION",125,sodium(1+),923,0.476094514
"NAOH, SODIUM HYDROXIDE",35,sodium;hydroxide,14798,0.473641485
"IODINE, I2",74,molecular iodine,807,0.472544551
"STEARIC ACID, OCTADECANOIC ACID, C18:0",29,octadecanoic acid,5281,0.470190585
"K+, POTASSIUM ION",127,potassium(1+),813,0.465473413
SUCCINATE,31,butanedioate,160419,0.464206725
"WATER, H2O, EAU",277,oxidane,962,0.463454932
"CALCIUM OXALATE, CALCIUM-OXALATE",269,calcium;oxalate,33005,0.462476015
"BUTYRIC ACID, BUA, BUTANOIC ACID",25,butanoic acid,264,0.461807966
"HYDROQUINONE, HQ",31,"benzene-1,4-diol",785,0.45951429
"CA2+, CA++, CALCIUM IONS",83,calcium(2+),271,0.458138555
CK,33,carbononitridic chloride,10477,0.457897276
CALCIUM OXALATE MONOHYDRATE,77,calcium;oxalate;hydrate,165350,0.457822233
"PNP, 4-NITROPHENOL, P-NITROPHENOL",31,4-nitrophenol,980,0.454440594
"TCA, TRICHLOROACETIC ACID",53,"2,2,2-trichloroacetic acid",6421,0.453695118
"TMAO, TRIMETHYLAMINE N-OXIDE, TRIMETHYLAMINE-N-OXIDE, TMAE",143,"N,N-dimethylmethanamine oxide",1145,0.452793509
"CCL4, CARBON TETRACHLORIDE, TETRACHLOROMETHANE",288,tetrachloromethane,5943,0.450950354
"NA2SO4, SODIUM SULFATE",22,disodium;sulfate,24436,0.450636446
UREA NITROGEN,341,nitric acid;urea,31295,0.447070807
"AGCL, SILVER CHLORIDE",30,chlorosilver,24561,0.446155667
"PAB, PABA, P-AMINOBENZOIC ACID, 4-AMINOBENZOIC ACID, 4-AMINO BENZOIC ACID",26,4-aminobenzoic acid,978,0.445232093
"CALCIUM PHOSPHATE, CALCIUM PHOSPHATES",79,tricalcium;diphosphate,24456,0.442744255
"MALONDIALDEHYDE, MALONALDEHYDE, MALONIC ALDEHYDE",673,propanedial,10964,0.441697985
"CATECHOL, PYROCATECHOL",34,"benzene-1,2-diol",289,0.441608667
"GABA, GAMMA-AMINOBUTYRIC ACID",23,4-aminobutanoic acid,119,0.441188723
MALIC ACID,24,2-hydroxybutanedioic acid,525,0.439426988
"TAA, THIOACETAMIDE",59,ethanethioamide,2723949,0.435928315
BCAA,45,2-bromo-2-chloroacetic acid,542762,0.432514369
"SODIUM ARSENITE, NAASO2, SODIUM-ARSENITE",22,sodium;oxoarsinite,443495,0.431021094
"CALCIUM OXALATE DIHYDRATE, WEDDELLITE",42,calcium;oxalate;dihydrate,122156,0.42973277
LACTIC ACID,115,2-hydroxypropanoic acid,612,0.425305456
LACTATE,330,2-hydroxypropanoate,91435,0.419071376
"KCL, POTASSIUM CHLORIDE, POTASSIUM-CHLORIDE",40,potassium;chloride,4873,0.419057846
"BP, BENZO[A]PYRENE",216,benzo[a]pyrene,2336,0.415272623
PRUSSIAN BLUE,26,iron(2+);iron(3+);octadecacyanide,2724251,0.410936356
"BRUSHITE, CALCIUM HYDROGEN PHOSPHATE DIHYDRATE, DICALCIUM PHOSPHATE DIHYDRATE",48,calcium;hydrogen phosphate;dihydrate,104805,0.41051963
"SALT, SALINE, NACL, SODIUM CHLORIDE, IODIZED SALT",420,sodium;chloride,5234,0.409275711
GALLIC ACID,101,"3,4,5-trihydroxybenzoic acid",370,0.408448398
CIS,33,azanide;dichloroplatinum(2+),2767,0.408170521
"AMMONIA, NH3, NH4",343,azane,222,0.408141702
CALCIUM PYROPHOSPHATE,31,dicalcium;phosphonato phosphate,24632,0.406777173
"BEMPEDOIC ACID, ETC-1002",170,"8-hydroxy-2,2,14,14-tetramethylpentadecanedioic acid",10472693,0.401438296
"ETHYLENE GLYCOL, PEG, ETHANE-1,2-DIOL, ETHYLENE-GLYCOL, MACROGOL",154,"ethane-1,2-diol",174,0.401313126
EUGENOL,36,2-methoxy-4-prop-2-enylphenol,3314,0.399440438
"DMSO, DIMETHYL SULFOXIDE",28,methylsulfinylmethane,679,0.398890436
PM,29,promethium,23944,0.398732632
THYMOL,25,5-methyl-2-propan-2-ylphenol,6989,0.398725182
"VPA, VALPROATE, VALPROIC ACID",57,2-propylpentanoic acid,3121,0.397249669
PO,137,polonium,6328143,0.396885425
FE3O4,23,oxoiron;oxo(oxoferriooxy)iron,16211978,0.395761192
"LEAD ACETATE, LEAD-ACETATE",38,lead(2+);diacetate,9317,0.39323923
"ALCL3, ALUMINUM CHLORIDE, ALUMINIUM CHLORIDE",32,trichloroalumane,24012,0.393201083
"O-PHENYLENEDIAMINE, OPD, OPDA",26,"benzene-1,2-diamine",7243,0.391906589
"PPY, PHENYLPYRUVATE",31,2-oxo-3-phenylpropanoic acid,997,0.390010625
CARVACROL,33,2-methyl-5-propan-2-ylphenol,10364,0.389817744
ZIF-67,29,cobalt(2+);2-methylimidazol-3-ide,135121409,0.389425367
"HYDROXYAPATITE, CALCIUM HYDROXYAPATITE",25,pentacalcium;hydroxide;triphosphate,14781,0.386260808
"ASPIRIN, ACETYLSALICYLIC ACID, ASA, ACETYL SALICYLIC ACID, ACETYLSALYCILIC ACID, ECM",160,2-acetyloxybenzoic acid,2244,0.385685325
DAPA,29,"7,8-diaminononanoic acid",652,0.384285718
"OLEIC ACID, OLEATE, OLE, C18:1",39,(Z)-octadec-9-enoic acid,445639,0.382648438
"HIPPURIC ACID, HIPPURATE, N-BENZOYLGLYCINE",34,2-benzamidoacetic acid,464,0.381875485
PA,28,protactinium,23945,0.381634027
"PURINE, PURIN",850,7H-purine,1044,0.38087222
OP,28,"(2S)-2,5-diaminopentanoic acid;2-phenylacetic acid",44247677,0.379205763
"SARCOSINE, SAR",48,2-(methylamino)acetic acid,1088,0.3781856
"DL-MET, DL-METHIONINE, DL METHIONINE",26,2-amino-4-methylsulfanylbutanoic acid,876,0.376922935
CREATININE,4287,2-amino-3-methyl-4H-imidazol-5-one,588,0.374741793
PROPIONATE,33,propanoate,104745,0.369948089
PHOSPHOROUS,50,lambda1-phosphane,6432095,0.369858086
HAUCL4,28,trichlorogold;hydrochloride,10925836,0.363416582
TEAC,28,tetraethylazanium;chloride,5946,0.363355845
ACRYLAMIDE,43,prop-2-enamide,6579,0.362730354
"MYO-INOSITOL, INS, INOSITOL, MYOINOSITOL, ALLO-INOSITOL",34,"cyclohexane-1,2,3,4,5,6-hexol",892,0.361730516
ALP,147,(2-methoxy-3-octadecoxypropyl) 2-(trimethylazaniumyl)ethyl phosphate,1392,0.361636013
AC,33,actinium,23965,0.361465573
"LINOLEIC ACID, LINOLEIC, LINOLEATE, C18:2",37,"(9Z,12Z)-octadeca-9,12-dienoic acid",5280450,0.359825045
CITRIC ACID,83,"2-hydroxypropane-1,2,3-tricarboxylic acid",311,0.357395679
"TMB, 3,3',5,5'-TETRAMETHYLBENZIDINE",65,"4-(4-amino-3,5-dimethylphenyl)-2,6-dimethylaniline",41206,0.355449378
"GLYCEROL, GLYCERIN",49,"propane-1,2,3-triol",753,0.355308622
"LYSINE, L-LYSINE, LYS, L-LYS",35,"(2S)-2,6-diaminohexanoic acid",5962,0.353620738
"SILICA, SIO2, MCM-41, SILICON DIOXIDE, SILICA PARTICLES, SILICA GEL G",35,dioxosilane,24261,0.353382319
"EDTA, ETHYLENEDIAMINETETRAACETIC ACID, ETHYLENEDIAMINE TETRAACETIC ACID",38,2-[2-[bis(carboxymethyl)amino]ethyl-(carboxymethyl)amino]acetic acid,6049,0.349440813
"ALA, L-ALANINE, ALANINE, L-ALA",109,(2S)-2-aminopropanoic acid,5950,0.349428654
VITAMIN B12,45,"cobalt(3+);[(2R,3S,4R,5S)-5-(5,6-dimethylbenzimidazol-1-yl)-4-hydroxy-2-(hydroxymethyl)oxolan-3-yl] [(2R)-1-[3-[(1R,2R,3R,5Z,7S,10Z,12S,13S,15Z,17S,18S,19R)-2,13,18-tris(2-amino-2-oxoethyl)-7,12,17-tris(3-amino-3-oxopropyl)-3,5,8,8,13,15,18,19-octamethyl-2,7,12,17-tetrahydro-1H-corrin-24-id-3-yl]propanoylamino]propan-2-yl] phosphate;cyanide",5311498,0.349224806
CARNITINE,59,3-hydroxy-4-(trimethylazaniumyl)butanoate,288,0.348992735
"INDOLE, IND",29,1H-indole,798,0.348913223
SC,28,scandium,23952,0.348134756
"BETAINE, OXYNEURINE, GLYCINE BETAINE, N,N,N-TRIMETHYLGLYCINE",81,2-(trimethylazaniumyl)acetate,247,0.34588176
"4-HNE, 4-HYDROXYNONENAL, HNE, 4-HYDROXY-2-NONENAL, 4-HYDROXY-2,3-NONENAL",30,(E)-4-hydroxynon-2-enal,5283344,0.340105981
"AO, ACRIDINE ORANGE",22,"3-N,3-N,6-N,6-N-tetramethylacridine-3,6-diamine",62344,0.339820296
"NIO, NIACIN, NICOTINIC ACID, NICO",83,pyridine-3-carboxylic acid,938,0.338586271
"TIO2, TITANIUM DIOXIDE, TITANIA",42,dioxotitanium,26042,0.338530153
TG,963,"2-amino-3,7-dihydropurine-6-thione",2723601,0.337738454
CITRATE,248,"2-hydroxypropane-1,2,3-tricarboxylate",31348,0.336851239
"HOMOCYSTEINE, HCY, L-HOMOCYSTEINE, HCS",791,(2S)-2-amino-4-sulfanylbutanoic acid,91552,0.335538745
HOMA,115,8-hydroxyoctyl 2-methylprop-2-enoate,10081970,0.333527505
"ACETYLCHOLINE, ACH",53,2-acetyloxyethyl(trimethyl)azanium,187,0.332442045
"NICKEL OXIDE, NICKEL (II) OXIDE",31,oxonickel,14805,0.331414193
PROBENECID,69,4-(dipropylsulfamoyl)benzoic acid,4911,0.331177592
"ASPARTATE, ASPARTIC ACID, L-ASP, L-ASPARTIC ACID, ASP",186,(2S)-2-aminobutanedioic acid,5960,0.330390036
"5-ALA, 5-AMINOLEVULINIC ACID",30,5-amino-4-oxopentanoic acid,137,0.328238219
"PAH, PARA-AMINOHIPPURIC ACID, P-AMINOHIPPURIC ACID",72,2-[(4-aminobenzoyl)amino]acetic acid,2148,0.327318519
"ANTHOCYANIN, ANTHOCYANIDINS",34,2-phenylchromenylium,145858,0.32545796
"CAFFEINE, C8H10N4O2, 3,7-DIHYDRO-1,3,7-TRIMETHYL-1H-PURINE-2,6-DIONE",225,"1,3,7-trimethylpurine-2,6-dione",2519,0.323640019
DOPAMINE,1726,"4-(2-aminoethyl)benzene-1,2-diol",681,0.323132396
FT3,73,"2-(2,4-dichlorophenoxy)-5-(hydroxymethyl)phenol",23656595,0.321426362
VANILLIN,24,4-hydroxy-3-methoxybenzaldehyde,1183,0.321421564
"METFORMIN, METFORMINE",396,"3-(diaminomethylidene)-1,1-dimethylguanidine",4091,0.320975184
TRIACYLGLYCEROL,52,"2,3-di(octadecanoyloxy)propyl octadecanoate",11146,0.319867194
"XANTHINE, XAN",464,"3,7-dihydropurine-2,6-dione",1188,0.319353223
"LEUCINE, L-LEU, L-LEUCINE",29,(2S)-2-amino-4-methylpentanoic acid,6106,0.319092304
TAURINE,95,2-aminoethanesulfonic acid,1123,0.318166435
MELAMINE,75,"1,3,5-triazine-2,4,6-triamine",7955,0.318151236
"ALPHA-LIPOIC ACID, ALPHA LIPOIC ACID, A-LIPOIC ACID",25,5-(dithiolan-3-yl)pentanoic acid,864,0.31804508
"VALINE, L-VALINE, VAL",30,(2S)-2-amino-3-methylbutanoic acid,6287,0.317317218
"TROLOX, TROLOX C, 6-HYDROXY-2,5,7,8-TETRAMETHYLCHROMAN-2-CARBOXYLIC ACID",39,"6-hydroxy-2,5,7,8-tetramethyl-3,4-dihydrochromene-2-carboxylic acid",40634,0.315631896
"STRUVITE, MAGNESIUM AMMONIUM PHOSPHATE HEXAHYDRATE",84,azanium;magnesium;phosphate;hexahydrate,10220511,0.315425724
"ACETAMINOPHEN, PARACETAMOL, APAP, N-ACETYL-P-AMINOPHENOL, N-ACETYL-PARA-AMINOPHENOL, PANADOL, 4-ACETAMIDOPHENOL, ACETAMINOPHENE",343,N-(4-hydroxyphenyl)acetamide,1983,0.315050572
"PHENYLALANINE, PHE, L-PHENYLALANINE, L-PHE",82,(2S)-2-amino-3-phenylpropanoic acid,6140,0.314925224
"THEOBROMINE, 3,7-DIMETHYLXANTHINE",55,"3,7-dimethylpurine-2,6-dione",5429,0.309480041
"IAA, INDOLE-3-ACETIC ACID, INDOLE ACETIC ACID, INDOLEACETIC ACID, INDOL-3-ACETIC ACID, AUXIN",39,2-(1H-indol-3-yl)acetic acid,802,0.308441758
LUMINOL,31,"5-amino-2,3-dihydrophthalazine-1,4-dione",10638,0.30743295
"AMMONIUM CHLORIDE, NH4CL",40,azanium;chloride,25517,0.306482434
"DEHP, DOP, BIS(2-ETHYLHEXYL) PHTHALATE, ETHYL HEXYL PHTHALATE, DI-2-ETHYLHEXYL PHTHALATE, DI-(2-ETHYLHEXYL) PHTHALATE, DIETHYLHEXYL PHTHALATE",62,"bis(2-ethylhexyl) benzene-1,2-dicarboxylate",8343,0.306444943
"CHOLINE, CHT",74,2-hydroxyethyl(trimethyl)azanium,305,0.306254596
TRIGLYCERIDE,1031,"2,3-diformyloxypropyl formate",5460048,0.305420607
CAFFEIC ACID,39,"(E)-3-(3,4-dihydroxyphenyl)prop-2-enoic acid",689043,0.304264426
"MNO2, MANGANESE DIOXIDE, BRAUNSTEIN",24,dioxomanganese,14801,0.303754926
"BPA, BISPHENOL A, BISPHENOL-A, BISPHENOL, BISPHENOL A.",181,4-[2-(4-hydroxyphenyl)propan-2-yl]phenol,6623,0.302663267
NE,77,neon,23935,0.302094907
"DICLOFENAC SODIUM, DICLOFENAC SODIUM SALT, SODIUM DICLOFENAC",22,"sodium;2-[2-(2,6-dichloroanilino)phenyl]acetate",5018304,0.300922871
"ZNO, ZINC OXIDE, ZINC OXIDE QUANTUM DOTS",93,oxozinc,14806,0.300195962
"GLU, GLUTAMATE, GLUTAMIC ACID, GLT, L-GLUTAMIC ACID, L-GLUTAMATE, L-GLU, GLUT",283,(2S)-2-aminopentanedioic acid,33032,0.2995933
"HVA, HOMOVANILLIC ACID",25,2-(4-hydroxy-3-methoxyphenyl)acetic acid,1738,0.297639191
"ARGININE, L-ARGININE, ARG, L-ARG",164,(2S)-2-amino-5-(diaminomethylideneamino)pentanoic acid,6322,0.297613502
"METHIONINE, MET, L-MET, L-METHIONINE",162,(2S)-2-amino-4-methylsulfanylbutanoic acid,6137,0.297362447
PGE,48,2-(phenoxymethyl)oxirane,31217,0.296892047
PAEONOL,25,1-(2-hydroxy-4-methoxyphenyl)ethanone,11092,0.296716988
SM,23,samarium,23951,0.295615971
EG,69,4-amino-5-(carboxymethylamino)-5-oxopentanoic acid,302428,0.295486212
CHRYSIN,23,"5,7-dihydroxy-2-phenylchromen-4-one",5281607,0.295002669
"POTASSIUM CITRATE, K CITRATE, POTASSIUMCITRATE",68,"tripotassium;2-hydroxypropane-1,2,3-tricarboxylate",13344,0.293776423
ALLOXAN,70,"1,3-diazinane-2,4,5,6-tetrone",5781,0.292109758
"HGCL2, MERCURIC CHLORIDE",35,dichloromercury,24085,0.290565163
"ISO, ISOPROTERENOL, ISOPRENALINE",62,"4-[1-hydroxy-2-(propan-2-ylamino)ethyl]benzene-1,2-diol",3779,0.287799388
"GLYPHOSATE, GPF",38,2-(phosphonomethylamino)acetic acid,3496,0.287643492
"ILE, ISOLEUCINE, L-ISOLEUCINE, L-ILE",22,"(2S,3S)-2-amino-3-methylpentanoic acid",6306,0.28750509
"WARFARIN, COUMARINS, COMPOUND 42",40,4-hydroxy-3-(3-oxo-1-phenylbutyl)chromen-2-one,54678486,0.283385217
"TYROSINE, L-TYROSINE, TYR, L-TYR",44,(2S)-2-amino-3-(4-hydroxyphenyl)propanoic acid,6057,0.283054948
"P-CRESYL SULFATE, P-CRESOL SULFATE, PARA-CRESOL SULFATE, P-CRESYLSULFATE, P-CRESYL SULPHATE",29,(4-methylphenyl) hydrogen sulfate,4615423,0.282575458
"CTAB, CETYLTRIMETHYLAMMONIUM BROMIDE, CETRIMONIUM BROMIDE, CETYLTRIMETHYLAMMONIUMBROMIDE, CETYL TRIMETHYL AMMONIUM BROMIDE",23,hexadecyl(trimethyl)azanium;bromide,5974,0.281657755
"THEACRINE, 1,3,7,9-TETRAMETHYLURIC ACID, 1,3,7,9-TETRAMETHYLURIC-ACID",105,"1,3,7,9-tetramethylpurine-2,6,8-trione",75324,0.278639674
"NAC, N-ACETYLCYSTEINE, N-ACETYL CYSTEINE, N-ACETYL-L-CYSTEINE, ACETYLCYSTEINE, N-ACETYL-CYSTEINE, N-ACETYL-L-CYSTEIN",120,(2R)-2-acetamido-3-sulfanylpropanoic acid,12035,0.277753055
FERRIC,54,"3-[[(3S,7S,11S)-7,11-bis[(2,3-dioxidobenzoyl)amino]-2,6,10-trioxo-1,5,9-trioxacyclododec-3-yl]carbamoyl]benzene-1,2-diolate;iron(3+)",16048613,0.277407944
"HEME, HEMIN, HEME IRON, HAEM",38,"3-[18-(2-carboxyethyl)-8,13-bis(ethenyl)-3,7,12,17-tetramethylporphyrin-21,24-diid-2-yl]propanoic acid;iron(2+)",26945,0.276839465
"PENTOXIFYLLINE, PX",22,"3,7-dimethyl-1-(5-oxohexyl)purine-2,6-dione",4740,0.276424885
"PYRAZINAMIDE, PZA",27,pyrazine-2-carboxamide,1046,0.27530089
CISPLATIN,333,azane;dichloroplatinum,5702198,0.275297821
"THIOBARBITURIC ACID, THIOBARBITURATE",47,"2-sulfanylidene-1,3-diazinane-4,6-dione",2723628,0.274511218
"DICLOFENAC, DIF",108,"2-[2-(2,6-dichloroanilino)phenyl]acetic acid",3033,0.274318457
KYNURENINE,27,2-amino-4-(2-aminophenyl)-4-oxobutanoic acid,846,0.273485988
"LEVODOPA, L-DOPA, L-3,4-DIHYDROXYPHENYLALANINE, L-DIHYDROXYPHENYLALANINE",101,"(2S)-2-amino-3-(3,4-dihydroxyphenyl)propanoic acid",6047,0.272480458
BSA,60,trimethylsilyl N-trimethylsilylethanimidate,25248,0.270715296
"URACIL, URA",31,"1H-pyrimidine-2,4-dione",1174,0.270608187
"RESVERATROL, TRANS-RESVERATROL",143,"5-[(E)-2-(4-hydroxyphenyl)ethenyl]benzene-1,3-diol",445154,0.269619912
PROPOFOL,49,"2,6-di(propan-2-yl)phenol",4943,0.268455833
AGE,90,2-(prop-2-enoxymethyl)oxirane,7838,0.267519295
"CYSTEINE, L-CYSTEINE, L-CYS, CYS, L-CYSTEIN",155,(2R)-2-amino-3-sulfanylpropanoic acid,5862,0.265744209
AM,22,americium,23966,0.265627801
"HYPOXANTHINE, HX",446,"1,7-dihydropurin-6-one",135398638,0.265191942
CREATINE,128,2-[carbamimidoyl(methyl)amino]acetic acid,586,0.264782876
"LUTEOLIN, LUTEOLINE",65,"2-(3,4-dihydroxyphenyl)-5,7-dihydroxychromen-4-one",5280445,0.264459401
"EPINEPHRINE, ADRENALINE, IOP, ALE",200,"4-[(1R)-1-hydroxy-2-(methylamino)ethyl]benzene-1,2-diol",5816,0.264133483
"STREPTOZOTOCIN, STZ, STREPTOZOCIN",424,"1-methyl-1-nitroso-3-[(2S,3R,4R,5S,6R)-2,4,5-trihydroxy-6-(hydroxymethyl)oxan-3-yl]urea",29327,0.263277471
"INDOXYL SULFATE, INDOXYLSULFATE, INDOXYL SULPHATE, INDOXYLSULFURIC ACID, INDOXYL-SULFATE",64,1H-indol-3-yl hydrogen sulfate,10258,0.262232572
"GUANINE, GUA",104,"2-amino-1,7-dihydropurin-6-one",135398634,0.26221922
"ISONIAZID, INH",48,pyridine-4-carbohydrazide,3767,0.262112051
"PFOA, PERFLUOROOCTANOIC ACID",57,"2,2,3,3,4,4,5,5,6,6,7,7,8,8,8-pentadecafluorooctanoic acid",9554,0.260490417
ARB,57,"(2S,3R,4S,5S)-oxane-2,3,4,5-tetrol",439764,0.260003388
"NOREPINEPHRINE, NORADRENALINE",55,"4-[(1R)-2-amino-1-hydroxyethyl]benzene-1,2-diol",439260,0.25731352
"EDARAVONE, 3-METHYL-1-PHENYL-2-PYRAZOLIN-5-ONE",56,5-methyl-2-phenyl-4H-pyrazol-3-one,4021,0.257246047
ADA,129,2-[(2-amino-2-oxoethyl)-(carboxymethyl)amino]acetic acid,117765,0.256031901
"FISETIN, FSE",23,"2-(3,4-dihydroxyphenyl)-3,7-dihydroxychromen-4-one",5281614,0.25399524
"MOS2, MOLYBDENUM DISULFIDE, MOLYBDENUM DISULPHIDE",37,bis(sulfanylidene)molybdenum,14823,0.253350079
AOPP,108,3-(2-aminooxyphenyl)propanoic acid,170717,0.252641708
"AMMONIUM, NH4+",60,azanium,223,0.252433658
HYDRALAZINE,22,phthalazin-1-ylhydrazine,3637,0.251555532
EOSIN,24,"disodium;2-(2,4,5,7-tetrabromo-3-oxido-6-oxoxanthen-9-yl)benzoate",11048,0.251308262
"5-FU, 5-FLUOROURACIL, FLUOROURACIL, FU, 5 FLUOROURACIL, 5-FLOROURACIL",53,"5-fluoro-1H-pyrimidine-2,4-dione",3385,0.25111118
COD,48,"(1Z,5Z)-cycloocta-1,5-diene",82916,0.249815822
"APIGENIN, CHAMOMILE",50,"5,7-dihydroxy-2-(4-hydroxyphenyl)chromen-4-one",5280443,0.249677867
"L-CARNITINE, LEVOCARNITINE",84,(3R)-3-hydroxy-4-(trimethylazaniumyl)butanoate,10917,0.249155998
"GLN, L-GLUTAMINE, GLUTAMINE, L-GLN",117,"(2S)-2,5-diamino-5-oxopentanoic acid",5961,0.248219073
NARINGENIN,53,"5,7-dihydroxy-2-(4-hydroxyphenyl)-2,3-dihydrochromen-4-one",932,0.246516958
"NICOTINAMIDE, NIACINAMIDE, NAM",51,pyridine-3-carboxamide,936,0.244196549
MPO,78,"5-(4-methoxyphenyl)-1,3-oxazole",3270828,0.243666559
"CITRULLINE, L-CITRULLINE",32,(2S)-2-amino-5-(carbamoylamino)pentanoic acid,9750,0.243373439
"INDIUM TIN OXIDE, INDIUM-TIN OXIDE",34,oxo(oxoindiganyloxy)indigane;oxotin,16213631,0.241808802
RHEIN,41,"4,5-dihydroxy-9,10-dioxoanthracene-2-carboxylic acid",10168,0.24026072
"TSH, TRYPTAMINE",34,2-(1H-indol-3-yl)ethanamine,1150,0.239345953
TGS,42,"2-amino-9-[(2R,3R,4S,5R)-3,4-dihydroxy-5-(hydroxymethyl)oxolan-2-yl]-3H-purine-6-thione",2724387,0.23759
"GENISTEIN, GEN",44,"5,7-dihydroxy-3-(4-hydroxyphenyl)chromen-4-one",5280961,0.237571895
NO,322,nobelium,24822,0.236759126
"SDMA, SYMMETRIC DIMETHYLARGININE, SYMMETRIC DIMETHYL-L-ARGININE",55,"(2S)-2-amino-5-[(N,N'-dimethylcarbamimidoyl)amino]pentanoic acid",169148,0.23632507
"SACCHARIN, LSA",23,"1,1-dioxo-1,2-benzothiazol-3-one",5143,0.235874444
